{"tdSBn3Z7i8ukRTo6Dp/MJQ==":"photo_2024-09-24_17-21-21-205x205.jpg","Z71AmgNdjC6dmH8IIUUBcg==":"photo-1504805572947-34fad45aed93.jpeg","uk7vw6iU4wLVmSJGLfrCeg==":"deb9f9efc56ef2a940bdf0d58ccaad5c_xl-900x422.jpg","pmQxP/EGBIVpfU7qeTwfqQ==":"photo_2024-09-26_16-11-34-646x646.jpg","MBMPpX33+ibfkp/eB3tDBA==":"photo_2024-09-26_16-48-9-646x646.jpg","BDib0/HfzNaeE0cx0kAsvg==":"photo_2024-09-26_17-51-26-646x646.jpg","aDIOeKeddyhsqYKp5MyvZA==":"photo_2024-09-26_18-48-40-646x646.jpg","tTTZyosePa7KbOphjgYKjQ==":"pic-646x431.jpg","vfgUALCg/I+eLWwb0yWhww==":"photo_2024-09-26_18-58-5-646x459.jpg","LsQvFTItotnvCpaWVBcGxQ==":"photo_2024-09-26_18-58-5-646x459.jpeg","oGIrITSYL89OIGR5Nlj7ZA==":"photo_2024-09-26_18-58-10-646x443.jpg","YuCnSpBLShrdB/rU0tzh2g==":"photo_2024-09-26_18-58-10-646x443.jpeg","ilhdjTlgiYEnVrWJua3Q8g==":"photo_2024-09-26_18-58-12-646x442.jpg","R06LDJbCgL30+dTKjTg1sw==":"photo_2024-09-26_18-58-8-646x444.jpg","XqStexa3ucYeWEdbgE9USg==":"background1.jpg","rpfnMf0yBaZc1FQHmKH3cg==":"photo-1486312338219-ce68d2c6f44d-1.jpeg","IfT4Dl2WWmzkTUEKdA8LlA==":"photo-1434030216411-0b793f4b4173-1.jpeg","jkBd5du1mL0g1yzVOtMbug==":"photo-1655583036145-db71672a991b-1.jpeg","ZsUJu2lbUdHpokvkGxtxZw==":"photo-1453928582365-b6ad33cbcf64.jpeg","VZOY8WwVToHyt3bu16SSkA==":"photo-1455849318743-b2233052fcff.jpeg","dup8Xhf88OushK7yiKpr4A==":"photo-1488190211105-8b0e65b80b4e.jpeg","QCUSQ2U2hKZ3o6X5qoG8gQ==":"photo-1501504905252-473c47e087f8.jpeg","mJfTqBez8skSbeWfZ0sHmw==":"photo_2024-09-26_18-58-6-646x459.jpeg","N3VMvM8fpiczKLYQ/lxq+w==":"photo_2024-09-26_20-42-32-646x447.jpg","zW7Zat6Op29qhOykWtCqZw==":"photo_2024-09-26_20-42-38-646x454.jpg","jZgnwJP7R+sCECEfyfrf/A==":"photo_2024-09-26_20-42-36-646x447.jpg","MipaHnfkld6y+sKwG2bRIg==":"photo_2024-09-26_20-42-36-646x447.jpeg","6mfufJNJz3fP+i8VfBdHMw==":"photo_2024-09-26_20-42-38-646x454.jpeg","hMA3IMGstm5m9OiQfQy4Iw==":"photo_2024-09-26_20-42-30-646x457.jpg","kgXoSnf2PC8tMFUJquQzUQ==":"photo_2024-09-26_20-42-30-646x457.jpeg","+R3If9E0QvORbcCdgH+ONA==":"photo_2024-09-26_20-42-38-1280x900.jpg","eLCjDyPL0kJilUkwTcP5oQ==":"photo_2024-09-26_20-42-36-1280x886.jpg","h/KAgV5xf8SaHq7ilo0maw==":"photo_2024-09-26_20-42-32-1280x886.jpg","qUtvzfWLINpjtdDepHgNVw==":"photo_2024-09-26_20-42-30-1280x905.jpg","D/R7k88lX7bXzkX+E2aOkQ==":"1722597858033-64x64.png","XNfh70cU8usrXXh0WqcYNw==":"photo_2024-09-26_18-58-12-1080x739.jpg","bXvNjvJwxFM9Hmgmd+IYlA==":"photo_2024-09-26_18-58-10-1080x740.jpg","RnT9KQ/Lfc5pZ2P9woGWhA==":"photo_2024-09-26_18-58-5-1080x767.jpg","WhsNQy3TYrOj0hSRARcpbQ==":"photo_2024-09-26_18-58-8-1080x743.jpg","TpQPTeM9YY5109OWiQI8AA==":"photo_2024-09-26_20-42-30-1280x905.jpeg","CfSAhxcZkdRNUZ0M22RggA==":"photo_2024-09-26_20-42-38-1280x900.jpeg","LNrKy+MzuCFV4dwtMRrWWA==":"photo_2024-09-26_18-58-10-1080x740.jpeg","loxgTVkxRWaKEg3e6f1nSw==":"photo_2024-09-26_22-03-54-877x605.jpg","lnEqd7hwgsJL91bHmpKF6A==":"photo_2024-09-26_22-03-58-877x556.jpg","sPurnm3vJpOT63DHve7q2Q==":"photo_2024-09-26_20-42-35-877x607.jpg","YYAuRr/rR4Zn98tNManIdg==":"photo_2024-09-26_20-42-32-877x607.jpg","AqPQTKJGuOZ+IhwoYqsH8g==":"photo_2024-09-26_22-03-56-877x621.jpg","Oa2y2hzf28cSIp8QG2mV6w==":"photo_2024-09-26_22-03-58-646x410.jpg","2GEgahy/tzDqookc0ce/eg==":"photo_2024-09-26_22-03-56-1080x765.jpg","B+XaiSt/30iaRyo7xVKq4A==":"pic-1080x720.jpg","XP+F0vUwtbdpT8xorTYAiQ==":"photo-1522542550221-31fd19575a2d-1.jpeg","O65d4Tzwwi9Q1lMTS6JOHg==":"pic-1920x1280.jpg","M1EXHqE9ofBRZzVol+NWZg==":"unnamed-512x394.jpg","CXJj337s32pdjBfvmEUzvQ==":"unnamed-512x394.jpeg","EyDZKIQm3AXa1634h73R+A==":"%D0%91%D0%B5%D0%B7%20%D0%BD%D0%B0%D0%B7%D0%B2%D0%B0%D0%BD%D0%B8%D1%8F-199x253.jpg","5tYTIcpM1SfTesLdGVxqYw==":"unnamed-1-512x394.jpeg","ZDpALmxWDguRf+0gAvTchw==":"photo_2024-09-24_17-21-21-205x205.jpeg","H5JD32pgYOdLS0piS/uwug==":"photo_2024-09-24_17-21-22-205x205.jpeg","NbAHw7jrdRcKqzbW9/n9KQ==":"photo_2024-09-24_17-21-21-192x192.jpg","nnHuJFGNfS4GFErctVYS0w==":"photo_2024-10-10_18-36-6-1080x762.jpg","ZyduAk6kQxsTvnpMwrz6ig==":"photo-1460925895917-afdab827c52f-1.jpeg","zXQA5VpE8OByDFWcB3hOLw==":"photo-1476357471311-43c0db9fb2b4-1.jpeg","KIEq8QE+mSYUV1iF0s0n3g==":"photo-1499951360447-b19be8fe80f5.png","HK9VwcKJ0f5roW6z4+lYkg==":"photo_2024-10-22_16-44-25-1080x761.jpg","pluP0Fws4JUbVdqByJ+QSg==":"dall%C2%B7e%202024-10-21%2019.44.23%20-%20a%20cheerful%20and%20welcoming%20scene%20of%20a%20small%20bakery's%20ui_ux%20design%20concept.%20the%20interface%20shows%20a%20pastel-colored,%20user-friendly%20website%20with%20a%20homepage%20f.webp"}